業種,職種
自動車製造業,自動車設計エンジニア
自動車製造業,生産管理
自動車製造業,品質管理
自動車製造業,製造オペレーター
自動車製造業,購買担当
自動車製造業,物流コーディネーター
自動車製造業,営業担当
自動車製造業,カスタマーサポート
自動車製造業,マーケティング担当
自動車製造業,研究開発エンジニア
家電製造業,家電設計エンジニア
家電製造業,生産管理
家電製造業,品質管理
家電製造業,製造オペレーター
家電製造業,購買担当
家電製造業,物流コーディネーター
家電製造業,営業担当
家電製造業,カスタマーサポート
家電製造業,マーケティング担当
家電製造業,研究開発エンジニア
食品・飲料製造業,食品技術者
食品・飲料製造業,品質管理
食品・飲料製造業,製造オペレーター
食品・飲料製造業,購買担当
食品・飲料製造業,物流コーディネーター
食品・飲料製造業,営業担当
食品・飲料製造業,カスタマーサポート
食品・飲料製造業,マーケティング担当
食品・飲料製造業,研究開発担当
食品・飲料製造業,栄養士
製薬業,薬剤師
製薬業,研究開発科学者
製薬業,品質管理
製薬業,生産管理
製薬業,製造オペレーター
製薬業,営業担当
製薬業,マーケティング担当
製薬業,クリニカルリサーチアソシエイト
製薬業,購買担当
製薬業,医療情報担当者（MR）
通信業,ネットワークエンジニア
通信業,システム管理者
通信業,セキュリティスペシャリスト
通信業,営業担当
通信業,カスタマーサポート
通信業,マーケティング担当
通信業,プロジェクトマネージャー
通信業,ソフトウェア開発者
通信業,施工管理
通信業,技術サポート
ITサービス業,システムエンジニア
ITサービス業,プロジェクトマネージャー
ITサービス業,ソフトウェア開発者
ITサービス業,データサイエンティスト
ITサービス業,ITコンサルタント
ITサービス業,営業担当
ITサービス業,カスタマーサポート
ITサービス業,ネットワークエンジニア
ITサービス業,セキュリティスペシャリスト
ITサービス業,UX/UIデザイナー
ソフトウェア開発業,ソフトウェアエンジニア
ソフトウェア開発業,プロジェクトマネージャー
ソフトウェア開発業,テストエンジニア
ソフトウェア開発業,フロントエンドデベロッパー
ソフトウェア開発業,バックエンドデベロッパー
ソフトウェア開発業,データベース管理者
ソフトウェア開発業,営業担当
ソフトウェア開発業,カスタマーサポート
ソフトウェア開発業,デザイン担当
ソフトウェア開発業,プロダクトマネージャー
金融業,ファイナンシャルアナリスト
金融業,銀行員
金融業,営業担当
金融業,クレジットアナリスト
金融業,リスクマネジメント
金融業,投資アナリスト
金融業,トレーダー
金融業,融資担当
金融業,財務担当
金融業,コンプライアンス担当
保険業,アクチュアリー
保険業,保険アンダーライター
保険業,クレームアジャスター
保険業,営業担当
保険業,リスクアナリスト
保険業,顧客サービス担当
保険業,マーケティング担当
保険業,ITサポート
保険業,商品開発担当
保険業,コンプライアンス担当
建設業,プロジェクトマネージャー
建設業,建築エンジニア
建設業,土木エンジニア
建設業,現場監督
建設業,設計士
建設業,施工管理
建設業,購買担当
建設業,安全管理者
建設業,営業担当
建設業,環境エンジニア
不動産業,不動産エージェント
不動産業,プロパティマネージャー
不動産業,営業担当
不動産業,マーケティング担当
不動産業,賃貸管理担当
不動産業,物件評価担当
不動産業,リーシングマネージャー
不動産業,資産管理担当
不動産業,コンサルタント
不動産業,顧客サービス担当
小売業,店舗マネージャー
小売業,販売スタッフ
小売業,バイヤー
小売業,商品企画担当
小売業,マーケティング担当
小売業,営業担当
小売業,ロジスティクス担当
小売業,在庫管理
小売業,カスタマーサポート
小売業,オペレーションマネージャー
卸売業,営業担当
卸売業,購買担当
卸売業,ロジスティクス担当
卸売業,在庫管理
卸売業,カスタマーサポート
卸売業,マーケティング担当
卸売業,アカウントマネージャー
卸売業,商品企画担当
卸売業,財務担当
卸売業,受注管理
広告・マーケティング業,アカウントマネージャー
広告・マーケティング業,プランナー
広告・マーケティング業,クリエイティブディレクター
広告・マーケティング業,コピーライター
広告・マーケティング業,グラフィックデザイナー
広告・マーケティング業,マーケティングアナリスト
広告・マーケティング業,メディアプランナー
広告・マーケティング業,営業担当
広告・マーケティング業,デジタルマーケティング担当
広告・マーケティング業,ブランドマネージャー
物流・運輸業,物流コーディネーター
物流・運輸業,トラック運転手
物流・運輸業,倉庫管理
物流・運輸業,営業担当
物流・運輸業,カスタマーサポート
物流・運輸業,輸出入管理
物流・運輸業,オペレーションマネージャー
物流・運輸業,サプライチェーンアナリスト
物流・運輸業,配車担当
物流・運輸業,ドライバー管理
エネルギー業,エネルギーエンジニア
エネルギー業,プロジェクトマネージャー
エネルギー業,購買担当
エネルギー業,営業担当
エネルギー業,マーケティング担当
エネルギー業,設備管理
エネルギー業,環境エンジニア
エネルギー業,安全管理者
エネルギー業,財務担当
エネルギー業,リスクアナリスト
化学工業,化学エンジニア
化学工業,生産管理
化学工業,品質管理
化学工業,研究開発担当
化学工業,営業担当
化学工業,購買担当
化学工業,環境安全管理者
化学工業,マーケティング担当
化学工業,ロジスティクス担当
化学工業,技術サポート
鉄鋼業,生産エンジニア
化学工業,品質管理
化学工業,生産管理
化学工業,研究開発担当
化学工業,営業担当
化学工業,購買担当
化学工業,物流担当
化学工業,安全管理者
化学工業,マーケティング担当
化学工業,技術サポート
繊維業,テキスタイルデザイナー
繊維業,生産管理
繊維業,品質管理
繊維業,営業担当
繊維業,マーケティング担当
繊維業,購買担当
繊維業,物流担当
繊維業,技術サポート
繊維業,商品企画担当
繊維業,リサーチアナリスト
農業,農業エンジニア
農業,生産管理
農業,品質管理
農業,営業担当
農業,マーケティング担当
農業,購買担当
農業,物流担当
農業,技術サポート
農業,作物研究者
農業,環境管理者
水産業,水産エンジニア
水産業,生産管理
水産業,品質管理
水産業,営業担当
水産業,マーケティング担当
水産業,購買担当
水産業,物流担当
水産業,技術サポート
水産業,養殖管理者
水産業,環境管理者
林業,林業エンジニア
林業,生産管理
林業,品質管理
林業,営業担当
林業,マーケティング担当
林業,購買担当
林業,物流担当
林業,技術サポート
林業,森林管理者
林業,環境管理者
観光業,ツアーガイド
観光業,営業担当
観光業,マーケティング担当
観光業,カスタマーサポート
観光業,旅行プランナー
観光業,ホテルスタッフ
観光業,イベントコーディネーター
観光業,財務担当
観光業,ロジスティクス担当
観光業,観光情報提供者
ホスピタリティ業（ホテル・レストラン）,フロントデスク担当
ホスピタリティ業（ホテル・レストラン）,予約担当
ホスピタリティ業（ホテル・レストラン）,カスタマーサポート
ホスピタリティ業（ホテル・レストラン）,ハウスキーピング
ホスピタリティ業（ホテル・レストラン）,シェフ
ホスピタリティ業（ホテル・レストラン）,ウェイター/ウェイトレス
ホスピタリティ業（ホテル・レストラン）,営業担当
ホスピタリティ業（ホテル・レストラン）,マーケティング担当
ホスピタリティ業（ホテル・レストラン）,イベントコーディネーター
ホスピタリティ業（ホテル・レストラン）,食品・飲料マネージャー
医療・ヘルスケア業,医師
医療・ヘルスケア業,看護師
医療・ヘルスケア業,薬剤師
医療・ヘルスケア業,医療技師
医療・ヘルスケア業,医療事務
医療・ヘルスケア業,営業担当
医療・ヘルスケア業,マーケティング担当
医療・ヘルスケア業,研究者
医療・ヘルスケア業,理学療法士
医療・ヘルスケア業,栄養士
教育業,教師
教育業,教育カウンセラー
教育業,教材開発者
教育業,校長/副校長
教育業,研究者
教育業,営業担当
教育業,マーケティング担当
教育業,学生サポート
教育業,ITサポート
教育業,教育コンサルタント
メディア・エンターテインメント業,記者
メディア・エンターテインメント業,編集者
メディア・エンターテインメント業,プロデューサー
メディア・エンターテインメント業,ディレクター
メディア・エンターテインメント業,カメラマン
メディア・エンターテインメント業,グラフィックデザイナー
メディア・エンターテインメント業,営業担当
メディア・エンターテインメント業,マーケティング担当
メディア・エンターテインメント業,放送技術者
メディア・エンターテインメント業,コンテンツクリエーター
リサイクル業,リサイクルエンジニア
リサイクル業,生産管理
リサイクル業,品質管理
リサイクル業,営業担当
リサイクル業,マーケティング担当
リサイクル業,購買担当
リサイクル業,物流担当
リサイクル業,技術サポート
リサイクル業,環境管理者
リサイクル業,研究開発担当
航空業,パイロット
航空業,客室乗務員
航空業,航空整備士
航空業,地上職員
航空業,営業担当
航空業,マーケティング担当
航空業,物流担当
航空業,フライトディスパッチャー
航空業,安全管理者
航空業,財務担当
宇宙開発業,宇宙エンジニア
宇宙開発業,研究科学者
宇宙開発業,プロジェクトマネージャー
宇宙開発業,ミッションプランナー
宇宙開発業,営業担当
宇宙開発業,マーケティング担当
宇宙開発業,購買担当
宇宙開発業,物流担当
宇宙開発業,技術サポート
宇宙開発業,安全管理者